Book name,Price,Rating,Availability,link
Special 99 Box (16 Books Combo),"Rs. 1,699.00",No rating,Sold out,https://99bookstores.com/products/special-99-box-16-books-combo
Summer Special 8 Books Combo,"Rs. 1,249.00",No rating,Sold out,https://99bookstores.com/products/summer-special-combo
Ikigai ℙ𝕒𝕡𝕖𝕣𝕓𝕒𝕔𝕜 #𝕋𝕣𝕖𝕟𝕕𝕚𝕟𝕘,Rs. 99.00,No rating,Sold out,https://99bookstores.com/products/ikigai-paperback-trending
The Art of Laziness,Rs. 99.00,No rating,Sold out,https://99bookstores.com/products/the-art-of-laziness
"Do It Today: Overcome Procrastination, Improve Productivity, and Achieve More Meaningful Things",Rs. 99.00,No rating,Sold out,https://99bookstores.com/products/do-it-today-overcome-procrastination-improve-productivity-and-achieve-more-meaningful-things
Dopamine Detox,Rs. 99.00,No rating,Sold out,https://99bookstores.com/products/dopamine-detox
The Art of Not Overthinking by Shaurya Kapoor,Rs. 99.00,No rating,Sold out,https://99bookstores.com/products/the-art-of-not-overthinking-by-shaurya-kapoor
The Art of Being Alone,Rs. 99.00,No rating,Sold out,https://99bookstores.com/products/the-art-of-being-alone
𝔸𝕥𝕠𝕞𝕚𝕔 ℍ𝕒𝕓𝕚𝕥𝕤* by James clear,Rs. 179.00,No rating,Sold out,https://99bookstores.com/products/atomic-habits
The Psychology of Money,Rs. 149.00,No rating,Sold out,https://99bookstores.com/products/the-psychology-of-money
99Bookstore Library Box,From Rs. 999.00,No rating,Sold out,https://99bookstores.com/products/99bookstore-mystery-box
(5 books set) A Court of Thorns and Roses Paperback Box Set by Sarah J. Maas,"Rs. 1,399.00",No rating,Sold out,https://99bookstores.com/products/5-books-set-a-court-of-thorns-and-roses-paperback-box-set
Shatter Me - The Complete Collection (9-Book Boxset) by Mafi tahereh,"Rs. 1,599.00",No rating,Sold out,https://99bookstores.com/products/shatter-me-the-complete-collection-9-book-boxset-1
I Don't Love You Anymore: Moving On & Living Your Best Life,Rs. 139.00,No rating,Sold out,https://99bookstores.com/products/i-dont-love-you-anymore-moving-on-living-your-best-life
Can we be strangers again,Rs. 149.00,No rating,Sold out,https://99bookstores.com/products/can-we-be-strangers-again
In the Silence you left Behind,Rs. 199.00,No rating,Sold out,https://99bookstores.com/products/in-the-silence-you-left-behind
(Combo Set) It Start with us + It Ends with us by Colleen Hoover,Rs. 349.00,No rating,Sold out,https://99bookstores.com/products/combo-set-it-start-with-us-it-ends-with-us
The Good Girl's Guide to Murder by Holly Jackson,Rs. 199.00,No rating,Sold out,https://99bookstores.com/products/the-good-girls-guide-to-murder-book-1-a-good-girl-s-guide-to-murder-a-good-girl-s-guide-to-murder
Too Good to Be True by Prajakta Koli,Rs. 189.00,No rating,Sold out,https://99bookstores.com/products/too-good-to-be-true-by-prajakta-koli
A Little Life: Shortlisted for the Man Booker Prize 2015 (Picador Collection),Rs. 339.00,No rating,Sold out,https://99bookstores.com/products/a-little-life-shortlisted-for-the-man-booker-prize-2015-picador-collection
The Intelligent Investor,Rs. 279.00,No rating,Sold out,https://99bookstores.com/products/the-intelligent-investor
Trading in the Zone (Paperback),Rs. 199.00,No rating,Sold out,https://99bookstores.com/products/trading-in-the-zone-paperback
Market Wizards,Rs. 299.00,No rating,Sold out,https://99bookstores.com/products/market-wizards
HARDCOVER Trading in the Zone,Rs. 499.00,No rating,Sold out,https://99bookstores.com/products/copy-of-trading-in-the-zone-paperback
Japanese Candlestick Charting Techniques,Rs. 199.00,No rating,Sold out,https://99bookstores.com/products/japanese-candlestick-charting-techniques
The Disciplined Trader,Rs. 199.00,No rating,Sold out,https://99bookstores.com/products/the-disciplined-trader
The New Trading for a Living,Rs. 199.00,No rating,Sold out,https://99bookstores.com/products/the-new-trading-for-a-living
How to Make Money With Breakout Trading,Rs. 279.00,No rating,Sold out,https://99bookstores.com/products/how-to-make-money-with-breakout-trading-1
How to Make Profit in Share Market,Rs. 180.00,No rating,Sold out,https://99bookstores.com/products/how-to-make-profit-in-share-market
Abdul’s Journey from Zero to Hero in the Share Market by Mahesh Chandra Kaushik,Rs. 225.00,No rating,Sold out,https://99bookstores.com/products/abduls-journey-from-zero-to-hero-in-the-share-market
Death Note Box Set: Volumes 1 - 12: Volumes 1-12 with Premium,"Rs. 1,999.00",No rating,Sold out,https://99bookstores.com/products/death-note-box-set-vol-s-1-13-volumes-1-12-volumes-1-13-with-premium
Dragonball Z Complete Box Set: Vols. 1-26,"Rs. 2,999.00",No rating,Sold out,https://99bookstores.com/products/dragonball-z-complete-box-set-vols-1-26
Fire Punch Boxset 1-8,"Rs. 1,199.00",No rating,Sold out,https://99bookstores.com/products/fire-punch-boxset-1-8
I Want to Eat Your Pancreas,Rs. 279.00,No rating,Sold out,https://99bookstores.com/products/i-want-to-eat-your-pancreas
Jujutsu Kaisen Vol 6,Rs. 179.00,No rating,Sold out,https://99bookstores.com/products/jujutsu-kaisen-vol-6
"My Hero Academia, Vol. 5",Rs. 149.00,No rating,Sold out,https://99bookstores.com/products/my-hero-academia-vol-5
"My Hero Academia, Vol. 6",Rs. 149.00,No rating,Sold out,https://99bookstores.com/products/my-hero-academia-vol-6
"My Hero Academia, Vol. 7",Rs. 149.00,No rating,Sold out,https://99bookstores.com/products/my-hero-academia-vol-7
"My Hero Academia, Vol. 8",Rs. 149.00,No rating,Sold out,https://99bookstores.com/products/my-hero-academia-vol-8
"Vagabond, Vol. 3",Rs. 199.00,No rating,Sold out,https://99bookstores.com/products/vagabond-vol-3
48 Laws of Power by Robert Greene,Rs. 899.00,No rating,Sold out,https://99bookstores.com/products/the-48-laws-of-power
Concise 33 Strategies of War by Robert Greene,Rs. 449.00,No rating,Sold out,https://99bookstores.com/products/the-concise-33-strategies-of-war-1
Concise 48 Laws of Power by Robert Greene,Rs. 359.00,No rating,Sold out,https://99bookstores.com/products/the-concise-48-laws-of-power-1
Concise Art of Seduction by Robert Greene,Rs. 359.00,No rating,Sold out,https://99bookstores.com/products/the-concise-art-of-seduction-1
Raavan by Amish,Rs. 179.00,No rating,Sold out,https://99bookstores.com/products/raavan
War of Lanka,Rs. 239.00,No rating,Sold out,https://99bookstores.com/products/war-of-lanka
Mahabharata Unravelled PART 2 :The Dharma Discourses by Ami Ganatra,Rs. 199.00,No rating,Sold out,https://99bookstores.com/products/part-2-mahabharata-unravelled-the-dharma-discourses
"Shirdi Sai Baba: Life, Philosophy & Teachings",Rs. 179.00,No rating,Sold out,https://99bookstores.com/products/shirdi-sai-baba-life-philosophy-teachings
Courage,Rs. 179.00,No rating,Sold out,https://99bookstores.com/products/courage
Excellence,Rs. 179.00,No rating,Sold out,https://99bookstores.com/products/excellence
The Odyssey by Homer,Rs. 449.00,No rating,Sold out,https://99bookstores.com/products/the-odyssey
One Hundred and One Folktales from India by Eunice De Souza,Rs. 585.00,No rating,Sold out,https://99bookstores.com/products/one-hundred-and-one-folktales-from-india-by-eunice-de-souza
Oresteirian Triology by Agamenon,Rs. 539.00,No rating,Sold out,https://99bookstores.com/products/the-oresteian-trilogy
The Complete Kama Sutra by Alain Danielou,Rs. 675.00,No rating,Sold out,https://99bookstores.com/products/the-complete-kama-sutra
(HINDI) Rich Dad Poor Dad,Rs. 199.00,No rating,Sold out,https://99bookstores.com/products/hindi-rich-dad-poor-dad
(Hindi) Ikigai,Rs. 179.00,No rating,Sold out,https://99bookstores.com/products/hindi-ikigai
( Hindi) Chanakya Neeti with Chanakya Sutra Sahit,Rs. 179.00,No rating,Sold out,https://99bookstores.com/products/hindi-chanakya-neeti-with-chanakya-sutra-sahit
Hindi  Atomic Habits,Rs. 249.00,No rating,Sold out,https://99bookstores.com/products/hindi-atomic-habit
Hindi Attitude Is Everything,Rs. 149.00,No rating,Sold out,https://99bookstores.com/products/hindi-attitude-is-everything
Special HINDI COMBO,"Rs. 1,599.00",No rating,Sold out,https://99bookstores.com/products/special-hindi-combo
Jeevan ke Adbhut Rahasya-life's Amazing secrets,Rs. 179.00,No rating,Sold out,https://99bookstores.com/products/jeevan-ke-adbhut-rahasya
Hindi Do It Today,Rs. 149.00,No rating,Sold out,https://99bookstores.com/products/hindi-do-it-today
(Hindi) Death by Sadhguru,Rs. 249.00,No rating,Sold out,https://99bookstores.com/products/hindi-death-by-sadhguru
Hindi Don't Believe Everything You Think,Rs. 276.00,No rating,Sold out,https://99bookstores.com/products/hindi-dont-believe-everything-you-think
Killer Heat,Rs. 149.00,No rating,Sold out,https://99bookstores.com/products/killer-heat
PRELOVED Looking For Alaska,Rs. 149.00,No rating,Sold out,https://99bookstores.com/products/looking-for-alaska
Preloved A Game Of Thrones,Rs. 249.00,No rating,Sold out,https://99bookstores.com/products/preloved-a-game-of-thrones
Preloved Clash of Kings (Game Of Thrones),Rs. 299.00,No rating,Sold out,https://99bookstores.com/products/preloved-clash-of-kings-game-of-thrones-1
Preloved Dance With Dragons: Part 1 Dreams And Dust,Rs. 299.00,No rating,Sold out,https://99bookstores.com/products/preloved-dance-with-dragons-part-1-dreams-and-dust
Preloved The Da Vinci Code,Rs. 149.00,No rating,Sold out,https://99bookstores.com/products/preloved-the-da-vinci-code-1
Preloved The Fault In Our Stars,Rs. 149.00,No rating,Sold out,https://99bookstores.com/products/the-fault-in-our-stars-2
The Da Vinci Code,Rs. 149.00,No rating,Sold out,https://99bookstores.com/products/the-da-vinci-code-2
Fifty Shades Freed,Rs. 149.00,No rating,Sold out,https://99bookstores.com/products/fifty-shades-freed-1
Gitanjali by Rabindranath Tagore,Rs. 113.00,No rating,Sold out,https://99bookstores.com/products/gitanjali-by-rabindranath-tagore
One Hundred Poems of Kabir,Rs. 158.00,No rating,Sold out,https://99bookstores.com/products/one-hundred-poems-of-kabir
Greatest Poetry Ever Written Vol 1,Rs. 248.00,No rating,Sold out,https://99bookstores.com/products/greatest-poetry-ever-written-vol-1
Chand Nigal Gayi : The Poetry of Gulzar by Saba Mahmood Bashir,Rs. 179.00,No rating,Sold out,https://99bookstores.com/products/chand-nigal-gayi-gulzar-saab-ki-kavitayein
Best Love Poems of All Time (Pocket Classic),Rs. 134.00,No rating,Sold out,https://99bookstores.com/products/best-love-poems-of-all-time-pocket-classic
The Absent Traveller: Prakrit Love Poetry from the Gathasaptasati of Satavahana Hala,Rs. 179.10,No rating,Sold out,https://99bookstores.com/products/the-absent-traveller-prakrit-love-poetry-from-the-gathasaptasati-of-satavahana-hala
Selected Poems by Oliver Mary,Rs. 899.00,No rating,Sold out,https://99bookstores.com/products/selected-poems-by-oliver-mary
Neglected Poems Gulzar by Gulzar Pavan K Varma,Rs. 269.00,No rating,Sold out,https://99bookstores.com/products/neglected-poems
Selected Poems: Lorca by Federico Lorca,Rs. 629.00,No rating,Sold out,https://99bookstores.com/products/selected-poems-14
Greatest poetry Ever Written by Grapevine,Rs. 269.00,No rating,Sold out,https://99bookstores.com/products/greatest-poetry-ever-written-paperback-grapevine
Bestseller Self-help Box 8 Books COMBO,"Rs. 1,099.00",No rating,Sold out,https://99bookstores.com/products/bestseller-self-help-box-8-books-combo
SPECIAL COMBO 6,"Rs. 1,249.00",No rating,Sold out,https://99bookstores.com/products/special-combo-6
COMBO How to Win Friends & Influence People + Think & Grow Rich (Set of 2 Books),Rs. 299.00,No rating,Sold out,https://99bookstores.com/products/combo-how-to-win-friends-influence-people-think-grow-rich-set-of-2-books
The Best Inspirational Books for Personal Transformation (Set of 4 Books): Perfect Motivational Gift Set,Rs. 539.00,No rating,Sold out,https://99bookstores.com/products/the-best-inspirational-books-for-personal-transformation-set-of-4-books-perfect-motivational-gift-set
Robert Greene Concise Boxset (5 Books ),Rs. 799.00,No rating,Sold out,https://99bookstores.com/products/5-books-robert-greene-concise-box-set
SPECIAL COMBO 7,Rs. 399.00,No rating,Sold out,https://99bookstores.com/products/special-combo-7
(COMBO SET) Don't Believe Everything You Think + You2 + Attitude is Everything+ Dopamine Detox,Rs. 449.00,No rating,Sold out,https://99bookstores.com/products/combo-set-dont-believe-everything-you-think-you2-attitude-is-everything-dopamine-detox-per-piece
Harry Potter Boxset (1-7),"Rs. 1,599.00",No rating,Sold out,https://99bookstores.com/products/harry-potter-boxset-1-7
Diary of a Wimpy Kid Box Set (GREEN ) 14 BOOKS,"Rs. 1,499.00",No rating,Sold out,https://99bookstores.com/products/diary-of-a-wimpy-kid-box-set
Roald Dahl Collection  boxset ( 16 Stories Collection),"Rs. 1,499.00",No rating,Sold out,https://99bookstores.com/products/roald-dahl-complete-collection-16-copy-16-story-collection
FAMOUS FIVE COMPLETE BOX SET OF 21 TITLES,"Rs. 1,599.00",No rating,Sold out,https://99bookstores.com/products/famous-five-complete-box-set-of-21-titles
The Kalki Trilogy (Set of 3 Books) - Avatar of Vishnu; Eye of Brahma; Sword of Shiva,Rs. 599.00,No rating,Sold out,https://99bookstores.com/products/the-kalki-trilogy-set-of-3-books-avatar-of-vishnu-eye-of-brahma-sword-of-shiva
( Purple) Diary of a Wimpy Kid Box Set: 15 Books,"Rs. 1,499.00",No rating,Sold out,https://99bookstores.com/products/purple-boxset-diary-of-a-wimpy-kid-boxset-15-books-collection-books-1-15
SECRET SEVEN COMPLETE BOX SET OF 17 TITLES,"Rs. 1,499.00",No rating,Sold out,https://99bookstores.com/products/secret-seven-complete-box-set-of-17-titles
THE WITCHER BOX SET,"Rs. 1,499.00",No rating,Sold out,https://99bookstores.com/products/the-witcher-boxed-set
Boxset Throne of Glass by Sarah J. Maas,"Rs. 2,499.00",No rating,Sold out,https://99bookstores.com/products/throne-of-glass-box-set
Dork Diaries BOXSET,"Rs. 1,499.00",No rating,Sold out,https://99bookstores.com/products/dork-diaries-x-12-2018-set
